CONDITION,OUTCOME,YEAR,Geography,SRANum,RegionNum,RegionName,UrbanicitySort,UrbanicityCat,SESSort,Socioeconomic_Category,SDNUM,Supervisor_District,Total_Cases,Total_Rate,Age_Adjusted_Rate,Male_Cases,Male_Rate,Female_Cases,Female_Rate,White_Cases,White_Rate,Black_Cases,Black_Rate,Hispanic_Cases,Hispanic_Rate,Asian_Pacific_Islander_Cases,Asian_Pacific_Islander_Rate,Other_Race_Ethnicity_Cases,Other_Race_Ethnicity_Rate,Age_Group_0_to_14_Cases,Age_Group_0_to_14_Rate,Age_Group_15_to_24_Cases,Age_Group_15_to_24_Rate,Age_Group_25_to_44_Cases,Age_Group_25_to_44_Rate,Age_Group_45_to_64_Cases,Age_Group_45_to_64_Rate,Age_Group_65Plus_Cases,Age_Group_65Plus_Rate
Suicide,Death,2010,San Diego County (Actual Rate),0,0,COUNTY,99,,99,,99,County Total,352,11.3720324891215,10.9540259629054,276,17.7642872176299,76,4.92983418891903,270,17.9994360176714,9,6.13915416098226,48,4.84189205001674,23,6.73377015007524,,,,,39,7.86536115116619,82,9.19813569493598,164,21.5678796407107,65,18.4961229280785
Suicide,Death,2010,Central Region,99,99,REGION CENTRAL,99,,99,,99,Central Region,50,10.3216643477327,10.5999980896745,44,17.7637820706918,6,2.53460795951386,33,22.9741019214703,,,8,3.91460293693085,5,7.82729848620047,,,,,,,17,10.5291192082102,22,20.6154653472769,9,20.7943439384487
Suicide,Death,2010,Central San Diego,1,3,CENTRAL,5,Very Urban Area,2,Low Income,4,Supervisorial District 4,23,13.8913215478556,13.2638400080821,21,23.1992929739284,,,21,25.519194079547,,,,,,,,,,,,,8,11.4724946939712,10,26.351849899863,5,32.1708917771201
Suicide,Death,2010,Mid-City,6,3,CENTRAL,5,Very Urban Area,1,Lowest Income,4,Supervisorial District 4,24,14.7201334625434,16.2651092456244,20,24.6284187323753,,,12,25.8342303552207,,,5,7.30300153363032,,,,,,,,,8,15.8717562098246,11,33.5703604235969,,
Suicide,Death,2010,Southeastern San Diego,5,3,CENTRAL,5,Very Urban Area,2,Low Income,4,Supervisorial District 4,,,,,,,,,,,,,,,,,,,,,,,,,,,
Suicide,Death,2010,East Region,99,99,REGION EAST,99,,99,,99,East Region,61,13.1718735154651,12.0351714229004,46,20.1711035786169,15,6.38137659055811,58,20.7691756785791,,,,,,,,,,,,,12,9.90123517908859,38,29.8167837106203,7,12.5111706881144
Suicide,Death,2010,Alpine,38,5,EAST,1,Rural Area,5,High Income,2,Supervisorial District 2,,,,,,,,,,,,,,,,,,,,,,,,,,,
Suicide,Death,2010,El Cajon,34,5,EAST,4,Urban Area,2,Low Income,2,Supervisorial District 2,17,13.651767502369,12.8310985758674,15,24.6200308571053,,,16,21.7214227531903,,,,,,,,,,,,,,,12,37.8560837881321,,
Suicide,Death,2010,Harbison Crest/El Cajon,37,5,EAST,99,,99,,2,Supervisorial District 2,30,21.5562150160594,19.7691048306012,21,30.7755437012721,9,12.6876718122225,27,31.6555872111428,,,,,,,,,,,,,6,16.7396702284965,18,48.7342628942737,,
Suicide,Death,2010,Jamul,30,5,EAST,1,Rural Area,6,Highest Income,2,Supervisorial District 2,,,,,,,,,,,,,,,,,,,,,,,,,,,
Suicide,Death,2010,La Mesa,33,5,EAST,4,Urban Area,2,Low Income,2,Supervisorial District 2,11,18.6144109385048,15.4734205280396,8,28.3859063974737,,,11,29.6952190697298,,,,,,,,,,,,,,,8,52.0833333333333,,
Suicide,Death,2010,Laguna-Pine Valley,61,5,EAST,1,Rural Area,3,Moderately Low Income,2,Supervisorial District 2,,,,,,,,,,,,,,,,,,,,,,,,,,,
Suicide,Death,2010,Lakeside,36,5,EAST,2,Exurban Area,3,Moderately Low Income,2,Supervisorial District 2,7,12.4955373081042,13.5695280915511,6,21.6575223794398,,,7,17.1371214532279,,,,,,,,,,,,,,,,,,
Suicide,Death,2010,Lemon Grove,32,5,EAST,5,Very Urban Area,2,Low Income,2,Supervisorial District 2,,,,,,,,,,,,,,,,,,,,,,,,,,,
Suicide,Death,2010,Mountain Empire,62,5,EAST,1,Rural Area,2,Low Income,2,Supervisorial District 2,,,,,,,,,,,,,,,,,,,,,,,,,,,
Suicide,Death,2010,Santee,35,5,EAST,3,Suburban Area,4,Moderately High Income,2,Supervisorial District 2,6,11.7299759535493,10.9350963080818,5,20.1889687474764,,,6,15.7990362587882,,,,,,,,,,,,,,,,,,
Suicide,Death,2010,Spring Valley,31,5,EAST,4,Urban Area,4,Moderately High Income,2,Supervisorial District 2,,,,,,,,,,,,,,,,,,,,,,,,,,,
Suicide,Death,2010,North Central Region,99,99,REGION N CENTRAL,99,,99,,99,North Central Region,81,13.4117284737619,12.6410802590556,60,19.6381989153168,21,7.03701469730784,67,18.3516895880183,,,7,8.1715559809953,5,4.61616581267599,,,,,11,10.7227107012653,15,7.81392441330451,37,25.88426236848,18,25.0424330114917
Suicide,Death,2010,Coastal,11,2,N CENTRAL,3,Suburban Area,5,High Income,4,Supervisorial District 4,11,14.5936981757877,13.1542734938423,8,20.5962617784872,,,9,14.7950880307738,,,,,,,,,,,,,,,6,36.4741641337386,,
Suicide,Death,2010,Del Mar-Mira Mesa,13,2,N CENTRAL,3,Suburban Area,6,Highest Income,3,Supervisorial District 3,13,8.25035381325007,8.5012006290522,10,12.6471815755859,,,10,13.1656902113093,,,,,,,,,,,,,,,,,,
Suicide,Death,2010,Elliott-Navajo,17,2,N CENTRAL,2,Exurban Area,5,High Income,3,Supervisorial District 3,10,11.2225888267906,10.9119338852596,6,13.8779664153213,,,10,16.6425349909298,,,,,,,,,,,,,,,6,26.6808964781217,,
Suicide,Death,2010,Kearny Mesa,10,2,N CENTRAL,4,Urban Area,3,Moderately Low Income,4,Supervisorial District 4,35,23.1469234432041,21.9375257549272,25,33.1798213598418,10,13.1820039282372,27,32.0121409008454,,,5,14.9316132114914,,,,,,,,,6,12.0675784392599,17,47.7152801167621,9,47.20692368214
Suicide,Death,2010,Miramar,16,2,N CENTRAL,99,,99,,3,Supervisorial District 3,,,,,,,,,,,,,,,,,,,,,,,,,,,
Suicide,Death,2010,Peninsula,2,2,N CENTRAL,4,Urban Area,3,Moderately Low Income,4,Supervisorial District 4,7,11.12241006737,9.80533546954372,6,17.552584618085,,,7,14.5945833246461,,,,,,,,,,,,,,,,,,
Suicide,Death,2010,University,12,2,N CENTRAL,4,Urban Area,4,Moderately High Income,3,Supervisorial District 3,5,7.97104914948906,10.188980362863,5,16.0926939169617,,,,,,,,,,,,,,,,,,,,,,
Suicide,Death,2010,North Coastal Region,99,99,REGION N COASTAL,99,,99,,99,North Coastal Region,55,10.8728958475422,10.1355272627457,45,17.4531576640694,10,4.03206296469526,40,13.3716654409307,,,11,7.64037451726725,,,,,,,10,11.9445771619685,11,8.05736846345983,23,18.4055953009715,11,18.4554468734795
Suicide,Death,2010,Carlsbad,41,1,N COASTAL,3,Suburban Area,5,High Income,5,Supervisorial District 5,11,9.58923216402818,7.070126154504,7,12.5513259579351,,,10,11.8518518518519,,,,,,,,,,,,,,,8,24.5270871018181,,
Suicide,Death,2010,Oceanside,42,1,N COASTAL,3,Suburban Area,3,Moderately Low Income,5,Supervisorial District 5,19,11.8958176809416,11.4311516731181,17,21.4494801655395,,,14,18.8572506128606,,,5,8.34738476435333,,,,,,,,,,,10,25.5597587158777,,
Suicide,Death,2010,Pendleton,43,1,N COASTAL,99,,99,,5,Supervisorial District 5,,,,,,,,,,,,,,,,,,,,,,,,,,,
Suicide,Death,2010,San Dieguito,40,1,N COASTAL,2,Exurban Area,6,Highest Income,3,Supervisorial District 3,10,10.6919852878282,10.0746159145822,8,17.3867686690429,,,9,12.2714443489999,,,,,,,,,,,,,,,,,,
Suicide,Death,2010,Vista,52,1,N COASTAL,3,Suburban Area,2,Low Income,5,Supervisorial District 5,12,11.9482640168072,11.3698759120169,10,19.7234768544999,,,5,11.4009485589201,,,,,,,,,,,,,,,,,,
Suicide,Death,2010,North Inland Region,99,99,REGION N INLAND,99,,99,,99,North Inland Region,73,12.818081572164,12.210793318342,56,19.964562900851,17,5.88212905391144,59,18.7428919964674,,,9,5.48713571515669,5,8.45179938808972,,,,,5,6.48609381486094,17,11.4527473119728,36,23.6358503325433,15,20.7897326440382
Suicide,Death,2010,Anza-Borrego Springs,63,6,N INLAND,1,Rural Area,1,Lowest Income,5,Supervisorial District 5,,,,,,,,,,,,,,,,,,,,,,,,,,,
Suicide,Death,2010,Escondido,50,6,N INLAND,2,Exurban Area,3,Moderately Low Income,3,Supervisorial District 3,20,12.2683580642985,13.0966040081046,17,21.0211324207689,,,17,23.9099859353024,,,,,,,,,,,,,7,15.462095776639,9,23.4417732399135,,
Suicide,Death,2010,Fallbrook,55,6,N INLAND,1,Rural Area,4,Moderately High Income,5,Supervisorial District 5,8,16.9118890580078,12.5456632763971,7,29.7265160523187,,,8,29.2986632484893,,,,,,,,,,,,,,,7,53.1268973891925,,
Suicide,Death,2010,North San Diego,14,6,N INLAND,3,Suburban Area,6,Highest Income,3,Supervisorial District 3,7,6.57017889658538,6.30933766103102,5,9.70930345457017,,,5,7.9798269973507,,,,,,,,,,,,,,,,,,
Suicide,Death,2010,Palomar-Julian,60,6,N INLAND,1,Rural Area,2,Low Income,5,Supervisorial District 5,,,,,,,,,,,,,,,,,,,,,,,,,,,
Suicide,Death,2010,Pauma,54,6,N INLAND,1,Rural Area,5,High Income,5,Supervisorial District 5,,,,,,,,,,,,,,,,,,,,,,,,,,,
Suicide,Death,2010,Poway,15,6,N INLAND,2,Exurban Area,6,Highest Income,2,Supervisorial District 2,18,20.8548157245311,18.8134134167424,13,30.8276025610624,5,11.3273373960717,15,25.8781312538817,,,,,,,,,,,,,,,9,33.4983436930063,,
Suicide,Death,2010,Ramona,39,6,N INLAND,1,Rural Area,5,High Income,2,Supervisorial District 2,,,,,,,,,,,,,,,,,,,,,,,,,,,
Suicide,Death,2010,San Marcos,51,6,N INLAND,3,Suburban Area,3,Moderately Low Income,5,Supervisorial District 5,11,12.2269771577836,11.4159528201102,8,18.1834712246568,,,6,13.2050971675067,,,,,,,,,,,,,,,7,34.3524562006183,,
Suicide,Death,2010,Valley Center,53,6,N INLAND,1,Rural Area,5,High Income,5,Supervisorial District 5,,,,,,,,,,,,,,,,,,,,,,,,,,,
Suicide,Death,2010,South Region,99,99,REGION SOUTH,99,,99,,99,South Region,30,6.40362017994173,6.24208566860686,23,9.82578456753732,7,2.98625894277901,12,12.2284270166714,,,10,3.60067116510518,5,8.40279645065878,,,,,8,9.90246076149923,9,6.82288547407683,8,7.54631551145153,,
Suicide,Death,2010,Chula Vista,21,4,SOUTH,5,Very Urban Area,1,Lowest Income,1,Supervisorial District 1,9,7.81019490775292,7.89334174010387,6,10.8028303415495,,,,,,,,,,,,,,,,,,,,,,
Suicide,Death,2010,Coronado,3,4,SOUTH,2,Exurban Area,6,Highest Income,1,Supervisorial District 1,,,,,,,,,,,,,,,,,,,,,,,,,,,
Suicide,Death,2010,National City,4,4,SOUTH,5,Very Urban Area,1,Lowest Income,1,Supervisorial District 1,,,,,,,,,,,,,,,,,,,,,,,,,,,
Suicide,Death,2010,South Bay,22,4,SOUTH,3,Suburban Area,2,Low Income,1,Supervisorial District 1,12,8.89455504988363,8.62122619265821,9,13.2236262121657,,,5,24.3605359317905,,,,,,,,,,,,,,,,,,
Suicide,Death,2010,Sweetwater,20,4,SOUTH,3,Suburban Area,6,Highest Income,1,Supervisorial District 1,5,3.69494531480934,3.64830084710266,5,7.58380100106173,,,,,,,,,,,,,,,,,,,,,,
Suicide,Death,2010,Unknown,99,99,UNKNOWN,99,,99,,99,,,,,,,,,,,,,,,,,,,,,,,,,,,,
Suicide,Death,2011,San Diego County (Actual Rate),0,0,COUNTY,99,,99,,99,County Total,383,12.2921487510471,11.9274725835425,292,18.6845321508328,91,5.85955106824123,284,18.9892630427486,19,13.2955459920926,47,4.64985595339855,21,6.02195432491024,11,9.33667190086152,,,41,8.22398112897208,104,11.6732609366669,167,21.6610244237778,69,19.0656188865679
Suicide,Death,2011,Central Region,99,99,REGION CENTRAL,99,,99,,99,Central Region,66,13.5923289837881,13.2167691078297,52,20.9596285308913,14,5.89543188249562,36,25.2959983136001,9,16.4059936563491,10,4.8118564142046,8,12.3942614569454,,,,,13,16.1894917744928,25,15.376572254513,24,22.1137012807519,,
Suicide,Death,2011,Central San Diego,1,3,CENTRAL,5,Very Urban Area,2,Low Income,4,Supervisorial District 4,26,15.6658592723811,15.5547121195219,22,24.2871178918782,,,17,20.7697006719609,,,,,,,,,,,,,8,11.3612156500746,11,28.4472949208648,,
Suicide,Death,2011,Mid-City,6,3,CENTRAL,5,Very Urban Area,1,Lowest Income,4,Supervisorial District 4,21,12.8679624500601,12.8319090098107,16,19.6869770646717,5,6.10321761632733,16,34.9742065226895,,,,,,,,,,,,,10,19.7343753083496,8,23.8934352786572,,
Suicide,Death,2011,Southeastern San Diego,5,3,CENTRAL,5,Very Urban Area,2,Low Income,4,Supervisorial District 4,19,12.1478715650295,11.8322639866531,14,18.3628231528967,5,6.23713590719142,,,,,7,8.79286521793744,5,15.556938394524,,,,,7,25.7173298063852,7,16.8686893028412,5,13.7438152831226,,
Suicide,Death,2011,East Region,99,99,REGION EAST,99,,99,,99,East Region,73,15.6434158362799,15.149804943572,51,22.1940807081217,22,9.28822632874411,61,21.8618403368874,,,9,7.56722215682648,,,,,,,,,23,19.0233573744458,32,24.8628657560642,14,23.9353062864372
Suicide,Death,2011,Alpine,38,5,EAST,1,Rural Area,5,High Income,2,Supervisorial District 2,5,32.9837060492117,30.1523663207979,,,,,,,,,,,,,,,,,,,,,,,,
Suicide,Death,2011,El Cajon,34,5,EAST,4,Urban Area,2,Low Income,2,Supervisorial District 2,13,10.378164342224,10.0892214063922,10,16.3009813190754,,,11,14.961915125136,,,,,,,,,,,,,8,24.1618846270009,,,,
Suicide,Death,2011,Harbison Crest/El Cajon,37,5,EAST,99,,99,,2,Supervisorial District 2,23,16.4245826013682,15.4065796113787,17,24.740227610094,6,8.41278743690409,19,22.3182821970587,,,,,,,,,,,,,8,22.2921949452448,11,29.516730619583,,
Suicide,Death,2011,Jamul,30,5,EAST,1,Rural Area,6,Highest Income,2,Supervisorial District 2,,,,,,,,,,,,,,,,,,,,,,,,,,,
Suicide,Death,2011,La Mesa,33,5,EAST,4,Urban Area,2,Low Income,2,Supervisorial District 2,10,16.6705564631747,15.8881771760104,9,31.4388514339609,,,9,24.133215348725,,,,,,,,,,,,,5,28.6254079120627,,,,
Suicide,Death,2011,Laguna-Pine Valley,61,5,EAST,1,Rural Area,3,Moderately Low Income,2,Supervisorial District 2,,,,,,,,,,,,,,,,,,,,,,,,,,,
Suicide,Death,2011,Lakeside,36,5,EAST,2,Exurban Area,3,Moderately Low Income,2,Supervisorial District 2,7,12.4192747143567,12.6788312955032,,,,,7,17.1262202431923,,,,,,,,,,,,,,,,,,
Suicide,Death,2011,Lemon Grove,32,5,EAST,5,Very Urban Area,2,Low Income,2,Supervisorial District 2,6,20.0340578984273,22.278802339864,5,34.3288705801579,,,,,,,,,,,,,,,,,,,,,,
Suicide,Death,2011,Mountain Empire,62,5,EAST,1,Rural Area,2,Low Income,2,Supervisorial District 2,,,,,,,,,,,,,,,,,,,,,,,,,,,
Suicide,Death,2011,Santee,35,5,EAST,3,Suburban Area,4,Moderately High Income,2,Supervisorial District 2,10,19.3449790106978,17.3641471152546,7,27.9731457800512,,,10,26.1951538965291,,,,,,,,,,,,,,,6,39.9920015996801,,
Suicide,Death,2011,Spring Valley,31,5,EAST,4,Urban Area,4,Moderately High Income,2,Supervisorial District 2,8,9.78736939978957,9.2979544554682,5,12.5735552984962,,,5,13.0691620053322,,,,,,,,,,,,,,,,,,
Suicide,Death,2011,North Central Region,99,99,REGION N CENTRAL,99,,99,,99,North Central Region,70,11.4802089398027,10.971391077972,54,17.5067757706223,16,5.31044531402986,58,15.8817521406137,,,,,,,,,,,,,20,10.3271645736946,30,20.7651256636188,16,21.7164108202017
Suicide,Death,2011,Coastal,11,2,N CENTRAL,3,Suburban Area,5,High Income,4,Supervisorial District 4,13,17.2060088677123,15.0179776847684,11,28.2478621504327,,,13,21.4429452710058,,,,,,,,,,,,,,,,,,
Suicide,Death,2011,Del Mar-Mira Mesa,13,2,N CENTRAL,3,Suburban Area,6,Highest Income,3,Supervisorial District 3,9,5.67887835842556,5.68052484662816,6,7.55629439322956,,,5,6.59813404769131,,,,,,,,,,,,,,,,,,
Suicide,Death,2011,Elliott-Navajo,17,2,N CENTRAL,2,Exurban Area,5,High Income,3,Supervisorial District 3,15,16.7738328207996,15.6872916436345,11,25.352047754039,,,12,20.0350613573754,,,,,,,,,,,,,,,7,30.9830478466782,,
Suicide,Death,2011,Kearny Mesa,10,2,N CENTRAL,4,Urban Area,3,Moderately Low Income,4,Supervisorial District 4,25,16.4803290792111,15.6431493403352,21,27.7913793787965,,,20,23.8256912428672,,,,,,,,,,,,,6,11.8387561413547,12,33.2014497966411,5,25.7944696657037
Suicide,Death,2011,Miramar,16,2,N CENTRAL,99,,99,,3,Supervisorial District 3,,,,,,,,,,,,,,,,,,,,,,,,,,,
Suicide,Death,2011,Peninsula,2,2,N CENTRAL,4,Urban Area,3,Moderately Low Income,4,Supervisorial District 4,5,7.92895654931811,7.90807422605634,,,,,5,10.481081647626,,,,,,,,,,,,,,,,,,
Suicide,Death,2011,University,12,2,N CENTRAL,4,Urban Area,4,Moderately High Income,3,Supervisorial District 3,,,,,,,,,,,,,,,,,,,,,,,,,,,
Suicide,Death,2011,North Coastal Region,99,99,REGION N COASTAL,99,,99,,99,North Coastal Region,67,13.1417127770793,12.614227307925,53,20.4097350585336,14,5.5967091350286,59,19.7307917398211,,,6,4.08758328450942,,,,,,,8,9.48136910969944,19,13.9169669801647,26,20.5052170004022,13,21.0912276716907
Suicide,Death,2011,Carlsbad,41,1,N COASTAL,3,Suburban Area,5,High Income,5,Supervisorial District 5,16,13.8102472034249,11.8344149689415,12,21.308331557639,,,15,17.7133275076167,,,,,,,,,,,,,,,7,21.1218732084125,5,27.0650644148533
Suicide,Death,2011,Oceanside,42,1,N COASTAL,3,Suburban Area,3,Moderately Low Income,5,Supervisorial District 5,24,14.991099034948,15.2857822338902,18,22.6540475231575,6,7.4405684594303,21,28.4954407294833,,,,,,,,,,,,,8,17.9063052577389,9,22.8920259442961,6,32.0410124959949
Suicide,Death,2011,Pendleton,43,1,N COASTAL,99,,99,,5,Supervisorial District 5,5,13.2798597646809,39.1722056624279,5,19.1350937619594,,,5,21.7362952658349,,,,,,,,,,,,,,,,,,
Suicide,Death,2011,San Dieguito,40,1,N COASTAL,2,Exurban Area,6,Highest Income,3,Supervisorial District 3,8,8.43028157140449,7.3955650454083,6,12.8581531406039,,,8,10.808911947901,,,,,,,,,,,,,,,5,16.8044632654433,,
Suicide,Death,2011,Vista,52,1,N COASTAL,3,Suburban Area,2,Low Income,5,Supervisorial District 5,14,13.8163803057368,13.4559269074308,12,23.4764746160618,,,10,22.9194838532236,,,,,,,,,,,,,7,24.1954996370675,,,,
Suicide,Death,2011,North Inland Region,99,99,REGION N INLAND,99,,99,,99,North Inland Region,56,9.74650387684596,8.72915610590489,43,15.192843110929,13,4.45912525682846,47,14.9739230722667,,,,,,,,,,,,,7,4.76174279786402,32,20.710499576082,14,18.7566988210075
Suicide,Death,2011,Anza-Borrego Springs,63,6,N INLAND,1,Rural Area,1,Lowest Income,5,Supervisorial District 5,,,,,,,,,,,,,,,,,,,,,,,,,,,
Suicide,Death,2011,Escondido,50,6,N INLAND,2,Exurban Area,3,Moderately Low Income,3,Supervisorial District 3,16,9.74249371304703,9.69567967947016,12,14.7257332187999,,,14,19.8485836617801,,,,,,,,,,,,,,,9,23.0014312001636,,
Suicide,Death,2011,Fallbrook,55,6,N INLAND,1,Rural Area,4,Moderately High Income,5,Supervisorial District 5,9,18.8001336898396,15.7904397388691,5,20.9634816150266,,,8,29.3772032902468,,,,,,,,,,,,,,,5,38.0517503805175,,
Suicide,Death,2011,North San Diego,14,6,N INLAND,3,Suburban Area,6,Highest Income,3,Supervisorial District 3,11,10.2216233796404,8.66600641683622,9,17.2967155459036,,,7,11.1454319650989,,,,,,,,,,,,,,,7,23.720772619451,,
Suicide,Death,2011,Palomar-Julian,60,6,N INLAND,1,Rural Area,2,Low Income,5,Supervisorial District 5,,,,,,,,,,,,,,,,,,,,,,,,,,,
Suicide,Death,2011,Pauma,54,6,N INLAND,1,Rural Area,5,High Income,5,Supervisorial District 5,,,,,,,,,,,,,,,,,,,,,,,,,,,
Suicide,Death,2011,Poway,15,6,N INLAND,2,Exurban Area,6,Highest Income,2,Supervisorial District 2,6,6.90440846480478,5.03095940610207,5,11.7785630153121,,,6,10.3542892643277,,,,,,,,,,,,,,,5,18.2969224576426,,
Suicide,Death,2011,Ramona,39,6,N INLAND,1,Rural Area,5,High Income,2,Supervisorial District 2,,,,,,,,,,,,,,,,,,,,,,,,,,,
Suicide,Death,2011,San Marcos,51,6,N INLAND,3,Suburban Area,3,Moderately Low Income,5,Supervisorial District 5,5,5.54397480817847,5.18610390523137,5,11.3337564602412,,,,,,,,,,,,,,,,,,,,,,
Suicide,Death,2011,Valley Center,53,6,N INLAND,1,Rural Area,5,High Income,5,Supervisorial District 5,,,,,,,,,,,,,,,,,,,,,,,,,,,
Suicide,Death,2011,South Region,99,99,REGION SOUTH,99,,99,,99,South Region,51,10.8636610537751,11.0343741594283,39,16.6849916361132,12,5.09095845777898,23,23.9236938183256,,,16,5.69174234905321,7,11.6717244139127,,,,,9,11.0846994199007,10,7.67795582104221,23,21.3055681639232,8,16.1940041699561
Suicide,Death,2011,Chula Vista,21,4,SOUTH,5,Very Urban Area,1,Lowest Income,1,Supervisorial District 1,14,12.0780240352678,11.8533190660345,10,17.9121587733754,,,6,28.6642461303268,,,7,8.4822780975462,,,,,,,,,,,7,25.9855965550523,,
Suicide,Death,2011,Coronado,3,4,SOUTH,2,Exurban Area,6,Highest Income,1,Supervisorial District 1,,,,,,,,,,,,,,,,,,,,,,,,,,,
Suicide,Death,2011,National City,4,4,SOUTH,5,Very Urban Area,1,Lowest Income,1,Supervisorial District 1,7,11.9676531432186,13.9261740085032,,,,,,,,,,,,,,,,,,,,,,,,
Suicide,Death,2011,South Bay,22,4,SOUTH,3,Suburban Area,2,Low Income,1,Supervisorial District 1,14,10.3607003833459,10.7158863890643,12,17.634092578986,,,8,39.7713149391002,,,,,,,,,,,,,,,6,19.408682150482,,
Suicide,Death,2011,Sweetwater,20,4,SOUTH,3,Suburban Area,6,Highest Income,1,Supervisorial District 1,12,8.78503030835456,8.29648194001404,10,15.0412129234101,,,,,,,,,,,,,,,,,,,6,18.2381907714755,,
Suicide,Death,2011,Unknown,99,99,UNKNOWN,99,,99,,99,,,,,,,,,,,,,,,,,,,,,,,,,,,,
Suicide,Death,2012,San Diego County (Actual Rate),0,0,COUNTY,99,,99,,99,County Total,408,12.9794565107085,12.7092499607825,305,19.3534918458345,103,6.57103157540163,303,20.3039562560309,13,9.32681890904917,54,5.21625229659997,23,6.46185399019484,15,12.4414216397794,,,40,7.95677877767964,129,14.4935514931167,167,21.5795172907498,69,18.4228443269654
Suicide,Death,2012,Central Region,99,99,REGION CENTRAL,99,,99,,99,Central Region,69,14.1174737496829,13.9168141237463,53,21.2416336018596,16,6.6876771189487,44,31.0736657744758,5,9.42560370991762,12,5.65080830103739,,,,,,,5,6.36472415285522,25,15.2968818835968,35,31.9906404526219,,
Suicide,Death,2012,Central San Diego,1,3,CENTRAL,5,Very Urban Area,2,Low Income,4,Supervisorial District 4,37,22.179594772809,20.2441444578563,30,33.0098369314056,7,9.21804630092971,24,29.4681007809047,,,8,13.3331111148148,,,,,,,,,14,19.815433391836,16,40.9636703448629,,
Suicide,Death,2012,Mid-City,6,3,CENTRAL,5,Very Urban Area,1,Lowest Income,4,Supervisorial District 4,22,13.3411763279019,14.2429792096907,17,20.7046902212966,5,6.03893907918257,18,39.4572436923212,,,,,,,,,,,,,7,13.6748129480943,14,41.1172134277071,,
Suicide,Death,2012,Southeastern San Diego,5,3,CENTRAL,5,Very Urban Area,2,Low Income,4,Supervisorial District 4,10,6.3680882362306,6.51191990678287,6,7.84098482769436,,,,,,,,,,,,,,,,,,,5,13.7744841455687,,
Suicide,Death,2012,East Region,99,99,REGION EAST,99,,99,,99,East Region,61,12.9791376320521,12.286521833423,49,21.1588119974782,12,5.03349370603558,47,16.895596001136,,,8,6.51932981289523,,,,,,,6,8.57118368046627,17,14.0965363980862,29,22.6237283904387,8,13.0558955528356
Suicide,Death,2012,Alpine,38,5,EAST,1,Rural Area,5,High Income,2,Supervisorial District 2,,,,,,,,,,,,,,,,,,,,,,,,,,,
Suicide,Death,2013,Palomar-Julian,60,6,N INLAND,1,Rural Area,2,Low Income,5,Supervisorial District 5,,,,,,,,,,,,,,,,,,,,,,,,,,,
Suicide,Death,2012,El Cajon,34,5,EAST,4,Urban Area,2,Low Income,2,Supervisorial District 2,14,11.1069680357327,11.1602721570415,12,19.418732604052,,,12,16.3697378113661,,,,,,,,,,,,,6,18.1088340928983,5,15.6186549214382,,
Suicide,Death,2012,Harbison Crest/El Cajon,37,5,EAST,99,,99,,2,Supervisorial District 2,18,12.7735672315422,12.6582241623292,15,21.6694114587848,,,16,18.8528067115992,,,,,,,,,,,,,7,19.4991503941614,8,21.5331610680448,,
Suicide,Death,2012,Jamul,30,5,EAST,1,Rural Area,6,Highest Income,2,Supervisorial District 2,,,,,,,,,,,,,,,,,,,,,,,,,,,
Suicide,Death,2012,La Mesa,33,5,EAST,4,Urban Area,2,Low Income,2,Supervisorial District 2,11,18.236074270557,16.3894921511999,11,38.1864889259182,,,8,21.5528853925319,,,,,,,,,,,,,,,6,38.4738698300737,,
Suicide,Death,2012,Laguna-Pine Valley,61,5,EAST,1,Rural Area,3,Moderately Low Income,2,Supervisorial District 2,,,,,,,,,,,,,,,,,,,,,,,,,,,
Suicide,Death,2012,Lakeside,36,5,EAST,2,Exurban Area,3,Moderately Low Income,2,Supervisorial District 2,,,,,,,,,,,,,,,,,,,,,,,,,,,
Suicide,Death,2012,Lemon Grove,32,5,EAST,5,Very Urban Area,2,Low Income,2,Supervisorial District 2,,,,,,,,,,,,,,,,,,,,,,,,,,,
Suicide,Death,2012,Mountain Empire,62,5,EAST,1,Rural Area,2,Low Income,2,Supervisorial District 2,5,58.3907509050566,55.3507013554555,,,,,,,,,,,,,,,,,,,,,,,,
Suicide,Death,2012,Santee,35,5,EAST,3,Suburban Area,4,Moderately High Income,2,Supervisorial District 2,7,13.4744947064485,11.7646679085342,6,23.8265427686443,,,6,15.7385305458647,,,,,,,,,,,,,,,5,33.471682956219,,
Suicide,Death,2012,Spring Valley,31,5,EAST,4,Urban Area,4,Moderately High Income,2,Supervisorial District 2,7,8.51426138782461,8.64224367864883,5,12.5034384455725,,,,,,,,,,,,,,,,,5,23.9693192713327,,,,
Suicide,Death,2012,North Central Region,99,99,REGION N CENTRAL,99,,99,,99,North Central Region,85,13.8190485016087,13.6125673429152,66,21.2244582939395,19,6.24730790350211,70,19.1798688096973,,,7,7.76380293249928,7,6.13464673198605,,,,,9,8.70237865016438,27,13.8776810908885,32,22.0571003184494,17,22.3498941666776
Suicide,Death,2012,Coastal,11,2,N CENTRAL,3,Suburban Area,5,High Income,4,Supervisorial District 4,16,21.0823132568221,20.8177189503884,13,33.2787220970715,,,14,23.1252064750578,,,,,,,,,,,,,,,7,42.4216714138537,,
Suicide,Death,2012,Del Mar-Mira Mesa,13,2,N CENTRAL,3,Suburban Area,6,Highest Income,3,Supervisorial District 3,17,10.6190931294467,10.193757568423,13,16.2270792505586,,,10,13.1837418096004,,,,,5,8.78580214373572,,,,,,,6,13.1176213379974,8,17.3029090515843,,
Suicide,Death,2012,Elliott-Navajo,17,2,N CENTRAL,2,Exurban Area,5,High Income,3,Supervisorial District 3,19,21.0507655831062,19.9058706811129,14,31.9510692197092,5,10.7663487005017,17,28.3234201362856,,,,,,,,,,,,,,,5,22.2469410456062,7,49.0986883636109
Suicide,Death,2012,Kearny Mesa,10,2,N CENTRAL,4,Urban Area,3,Moderately Low Income,4,Supervisorial District 4,19,12.4638384686534,11.6499043501436,14,18.4397349946656,5,6.53441020413498,17,20.3449059945667,,,,,,,,,,,,,9,17.4903317332919,7,19.2466318394281,,
Suicide,Death,2012,Miramar,16,2,N CENTRAL,99,,99,,3,Supervisorial District 3,,,,,,,,,,,,,,,,,,,,,,,,,,,
Suicide,Death,2012,Peninsula,2,2,N CENTRAL,4,Urban Area,3,Moderately Low Income,4,Supervisorial District 4,8,12.6478214127617,13.8447703575158,6,17.4089656172929,,,7,14.7433602224141,,,,,,,,,,,,,,,,,,
Suicide,Death,2012,University,12,2,N CENTRAL,4,Urban Area,4,Moderately High Income,3,Supervisorial District 3,5,7.34343790388909,11.8782013318336,5,14.8253572911107,,,5,14.4998985007105,,,,,,,,,,,,,,,,,,
Suicide,Death,2012,North Coastal Region,99,99,REGION N COASTAL,99,,99,,99,North Coastal Region,77,14.9688376017201,14.537455181341,54,20.6070689878876,23,9.11410864017499,55,18.3856097503903,,,12,7.98286345312063,5,15.7957920010109,,,,,9,10.5507491031863,26,19.095602870216,30,23.6449474688084,12,18.8250058828143
Suicide,Death,2012,Carlsbad,41,1,N COASTAL,3,Suburban Area,5,High Income,5,Supervisorial District 5,15,12.7738935679188,12.1425084598235,8,14.0161536170436,7,11.5990057995029,10,11.7288294628196,,,,,,,,,,,,,7,23.9022058321382,7,20.9976902540721,,
Suicide,Death,2012,Oceanside,42,1,N COASTAL,3,Suburban Area,3,Moderately Low Income,5,Supervisorial District 5,26,16.1267312976436,15.9360628337897,17,21.2399110422549,9,11.0857917102913,19,25.8915552648434,,,,,,,,,,,,,6,13.4273246055723,12,30.6286531049797,6,31.3446870755407
Suicide,Death,2012,Pendleton,43,1,N COASTAL,99,,99,,5,Supervisorial District 5,,,,,,,,,,,,,,,,,,,,,,,,,,,
Suicide,Death,2012,San Dieguito,40,1,N COASTAL,2,Exurban Area,6,Highest Income,3,Supervisorial District 3,11,11.5183246073298,10.3934041578903,7,14.9034469543742,,,8,10.8119796734782,,,,,,,,,,,,,,,,,,
Suicide,Death,2012,Vista,52,1,N COASTAL,3,Suburban Area,2,Low Income,5,Supervisorial District 5,21,20.5721003134796,20.7121095712273,18,34.9480632948257,,,15,34.7085637596316,,,,,,,,,,,,,9,30.8124208291965,7,28.8612187680383,,
Suicide,Death,2012,North Inland Region,99,99,REGION N INLAND,99,,99,,99,North Inland Region,77,13.2336740288288,13.0424808721708,55,19.1952647027003,22,7.44954625490993,64,20.4110921528918,,,6,3.45460931247517,,,,,,,7,8.44034484837523,21,14.3741101741321,28,18.0279949006529,19,24.4049683377648
Suicide,Death,2012,Anza-Borrego Springs,63,6,N INLAND,1,Rural Area,1,Lowest Income,5,Supervisorial District 5,,,,,,,,,,,,,,,,,,,,,,,,,,,
Suicide,Death,2012,Escondido,50,6,N INLAND,2,Exurban Area,3,Moderately Low Income,3,Supervisorial District 3,18,10.8802089000109,10.4737533287038,13,15.8492130256148,5,5.99412575675838,17,24.3654240300411,,,,,,,,,,,,,,,10,25.4790052996331,,
Suicide,Death,2012,Fallbrook,55,6,N INLAND,1,Rural Area,4,Moderately High Income,5,Supervisorial District 5,10,20.7611019992941,22.1945312667764,7,29.130253849355,,,7,25.9817385494767,,,,,,,,,,,,,,,,,,
Suicide,Death,2012,North San Diego,14,6,N INLAND,3,Suburban Area,6,Highest Income,3,Supervisorial District 3,19,17.1283817285242,17.2255836375765,13,24.2388081964462,6,10.472300764478,15,23.3885302647582,,,,,,,,,,,,,,,6,19.7329474445833,,
Suicide,Death,2012,Palomar-Julian,60,6,N INLAND,1,Rural Area,2,Low Income,5,Supervisorial District 5,,,,,,,,,,,,,,,,,,,,,,,,,,,
Suicide,Death,2012,Pauma,54,6,N INLAND,1,Rural Area,5,High Income,5,Supervisorial District 5,,,,,,,,,,,,,,,,,,,,,,,,,,,
Suicide,Death,2012,Poway,15,6,N INLAND,2,Exurban Area,6,Highest Income,2,Supervisorial District 2,,,,,,,,,,,,,,,,,,,,,,,,,,,
Suicide,Death,2012,Ramona,39,6,N INLAND,1,Rural Area,5,High Income,2,Supervisorial District 2,9,25.2560684720079,25.8704709153903,6,33.5476656415991,,,7,28.0808729139923,,,,,,,,,,,,,,,,,,
Suicide,Death,2012,San Marcos,51,6,N INLAND,3,Suburban Area,3,Moderately Low Income,5,Supervisorial District 5,9,9.83982944295632,10.0665372476852,6,13.410218586563,,,7,15.5929787044462,,,,,,,,,,,,,,,,,,
Suicide,Death,2012,Valley Center,53,6,N INLAND,1,Rural Area,5,High Income,5,Supervisorial District 5,,,,,,,,,,,,,,,,,,,,,,,,,,,
Suicide,Death,2012,South Region,99,99,REGION SOUTH,99,,99,,99,South Region,37,7.81672525689562,8.09318706567615,28,11.8989945349618,9,3.78103600386506,21,22.1346206547632,,,9,3.14696318053079,,,,,,,,,13,10.0609850478284,12,11.006952725138,9,17.824958903567
Suicide,Death,2012,Chula Vista,21,4,SOUTH,5,Very Urban Area,1,Lowest Income,1,Supervisorial District 1,9,7.71849780880423,8.15514786904677,6,10.687947557804,,,,,,,,,,,,,,,,,,,,,,
Suicide,Death,2012,Coronado,3,4,SOUTH,2,Exurban Area,6,Highest Income,1,Supervisorial District 1,8,34.5020916893087,25.9504485473462,7,52.9781276016045,,,8,47.435517343611,,,,,,,,,,,,,,,,,,
Suicide,Death,2012,National City,4,4,SOUTH,5,Very Urban Area,1,Lowest Income,1,Supervisorial District 1,,,,,,,,,,,,,,,,,,,,,,,,,,,
Suicide,Death,2012,South Bay,22,4,SOUTH,3,Suburban Area,2,Low Income,1,Supervisorial District 1,11,8.11257301315712,9.01350362189907,9,13.2007392413975,,,6,30.4955527318933,,,,,,,,,,,,,5,13.3596964676963,,,,
Suicide,Death,2012,Sweetwater,20,4,SOUTH,3,Suburban Area,6,Highest Income,1,Supervisorial District 1,6,4.31003519862079,4.38960777974054,5,7.38486987859274,,,,,,,,,,,,,,,,,,,,,,
Suicide,Death,2012,Unknown,99,99,UNKNOWN,99,,99,,99,,,,,,,,,,,,,,,,,,,,,,,,,,,,
Suicide,Death,2013,San Diego County (Actual Rate),0,0,COUNTY,99,,99,,99,County Total,430,13.631000572502,13.1310228065031,321,20.3221021536997,109,6.92057779840547,316,21.2807510219475,14,10.5011288713537,50,4.73963300073749,30,8.3210136104046,20,16.5456079683648,5,0.827232493692352,61,12.0595544291185,104,11.769911804882,163,21.0437167076782,97,25.1204877000251
Suicide,Death,2013,Central Region,99,99,REGION CENTRAL,99,,99,,99,Central Region,70,14.2833823049298,14.3983223786997,52,20.782044313713,18,7.50425240969883,42,29.77118716153,6,11.8558330698704,12,5.55290764126366,8,12.1414478676582,,,,,16,20.5647597136357,17,10.4329681794471,25,22.7208695731203,12,25.9717773352956
Suicide,Death,2013,Central San Diego,1,3,CENTRAL,5,Very Urban Area,2,Low Income,4,Supervisorial District 4,35,20.8581644815256,21.1044564629965,27,29.5191655915859,8,10.4802578143422,28,34.3448715747124,,,,,,,,,,,,,8,11.3955244077888,15,38.1155663973167,8,46.1440849051162
Suicide,Death,2013,Mid-City,6,3,CENTRAL,5,Very Urban Area,1,Lowest Income,4,Supervisorial District 4,19,11.5224141276926,11.7716591054221,14,17.0475993327083,5,6.0406171094439,11,24.3352064067962,,,,,,,,,,,,,6,11.7557162170105,7,20.3051575100075,,
Suicide,Death,2013,Southeastern San Diego,5,3,CENTRAL,5,Very Urban Area,2,Low Income,4,Supervisorial District 4,16,10.1662176587201,9.31988076129618,11,14.355253370222,5,6.19141374741508,,,,,6,7.25320954522376,,,,,,,8,28.6902883373978,,,,,,
Suicide,Death,2013,East Region,99,99,REGION EAST,99,,99,,99,East Region,67,14.2035818465504,13.84649224921,48,20.643740645805,19,7.94327664342213,49,17.6642141046947,5,20.4507341813571,6,4.76580061478828,,,5,22.7169468423444,,,11,15.5891272923103,19,15.7876806235303,23,18.0574856128946,14,21.9088903147056
Suicide,Death,2013,Alpine,38,5,EAST,1,Rural Area,5,High Income,2,Supervisorial District 2,,,,,,,,,,,,,,,,,,,,,,,,,,,
Suicide,Death,2013,El Cajon,34,5,EAST,4,Urban Area,2,Low Income,2,Supervisorial District 2,16,12.6826097640242,13.4882392597494,14,22.6467590870121,,,12,16.4462413485918,,,,,,,,,,,,,6,18.1274358741956,5,15.7371270300894,,
Suicide,Death,2013,Harbison Crest/El Cajon,37,5,EAST,99,,99,,2,Supervisorial District 2,24,17.0021040103713,18.0030446236683,17,24.5338567222767,7,9.74021456301223,17,20.1097757168544,,,,,,,,,,,6,27.5444153697838,9,25.0494029892288,7,19.0279438947483,,
Suicide,Death,2013,Jamul,30,5,EAST,1,Rural Area,6,Highest Income,2,Supervisorial District 2,,,,,,,,,,,,,,,,,,,,,,,,,,,
Suicide,Death,2013,La Mesa,33,5,EAST,4,Urban Area,2,Low Income,2,Supervisorial District 2,15,24.8508946322068,21.9766088440249,13,44.9391592920354,,,11,29.7506355817602,,,,,,,,,,,,,,,6,38.817364300964,,
Suicide,Death,2013,Laguna-Pine Valley,61,5,EAST,1,Rural Area,3,Moderately Low Income,2,Supervisorial District 2,,,,,,,,,,,,,,,,,,,,,,,,,,,
Suicide,Death,2013,Lakeside,36,5,EAST,2,Exurban Area,3,Moderately Low Income,2,Supervisorial District 2,,,,,,,,,,,,,,,,,,,,,,,,,,,
Suicide,Death,2013,Lemon Grove,32,5,EAST,5,Very Urban Area,2,Low Income,2,Supervisorial District 2,,,,,,,,,,,,,,,,,,,,,,,,,,,
Suicide,Death,2013,Mountain Empire,62,5,EAST,1,Rural Area,2,Low Income,2,Supervisorial District 2,,,,,,,,,,,,,,,,,,,,,,,,,,,
Suicide,Death,2013,Santee,35,5,EAST,3,Suburban Area,4,Moderately High Income,2,Supervisorial District 2,7,13.379460616602,12.6030564833212,5,19.7293138144655,,,5,13.0869496937654,,,,,,,,,,,,,,,,,,
Suicide,Death,2013,Spring Valley,31,5,EAST,4,Urban Area,4,Moderately High Income,2,Supervisorial District 2,6,7.27510821723473,7.02640127524819,5,12.4626121635095,,,,,,,,,,,,,,,,,,,,,,
Suicide,Death,2013,North Central Region,99,99,REGION N CENTRAL,99,,99,,99,North Central Region,87,14.0646521342705,13.439068829639,61,19.5294991483858,26,8.49051674591149,72,19.7602423923067,,,6,6.4989926561383,6,5.16617874978474,,,,,12,11.6485628585573,18,9.22594335270781,30,20.6266372393309,25,31.9942666274204
Suicide,Death,2013,Coastal,11,2,N CENTRAL,3,Suburban Area,5,High Income,4,Supervisorial District 4,12,15.7915515199368,16.488624655202,7,17.8762960314623,5,13.5751520417029,11,18.22821728035,,,,,,,,,,,,,,,,,,
Suicide,Death,2013,Del Mar-Mira Mesa,13,2,N CENTRAL,3,Suburban Area,6,Highest Income,3,Supervisorial District 3,11,6.83314697477948,7.09641915614485,7,8.70625108828139,,,7,9.23202722129169,,,,,,,,,,,,,,,5,10.6908422245504,,
Suicide,Death,2013,Elliott-Navajo,17,2,N CENTRAL,2,Exurban Area,5,High Income,3,Supervisorial District 3,12,13.2545424421494,11.851778028924,8,18.1743832068699,,,9,15.0473993078196,,,,,,,,,,,,,5,19.5786670843449,5,22.4638332285021,,
Suicide,Death,2013,Kearny Mesa,10,2,N CENTRAL,4,Urban Area,3,Moderately Low Income,4,Supervisorial District 4,34,22.1122391243553,21.5147013001954,25,32.6776027710607,9,11.6495806150979,27,32.2430408770107,,,,,,,,,,,,,9,17.3027011439008,10,27.3097195291804,9,44.332791488104
Suicide,Death,2013,Miramar,16,2,N CENTRAL,99,,99,,3,Supervisorial District 3,,,,,,,,,,,,,,,,,,,,,,,,,,,
Suicide,Death,2013,Peninsula,2,2,N CENTRAL,4,Urban Area,3,Moderately Low Income,4,Supervisorial District 4,10,15.92001783042,14.7578391504637,9,26.4456981664316,,,10,21.328328285629,,,,,,,,,,,,,,,,,,
Suicide,Death,2013,University,12,2,N CENTRAL,4,Urban Area,4,Moderately High Income,3,Supervisorial District 3,8,11.5288726203686,14.902157651987,5,14.5450314172679,,,8,23.0262211092882,,,,,,,,,,,,,,,,,5,76.9112444239348
Suicide,Death,2013,North Coastal Region,99,99,REGION N COASTAL,99,,99,,99,North Coastal Region,82,15.9904837121323,15.3655520951022,64,24.6403092358809,18,7.11271278865759,64,21.5947740646763,,,5,3.27991445983089,6,18.8548802715103,5,26.2164429530201,,,13,15.4412638080532,18,13.5128033812037,30,23.7109165059593,18,27.4156208115024
Suicide,Death,2013,Carlsbad,41,1,N COASTAL,3,Suburban Area,5,High Income,5,Supervisorial District 5,13,10.9952382160649,9.36127898082067,9,15.6611620582247,,,11,12.8805620608899,,,,,,,,,,,,,,,7,20.9017617199164,,
Suicide,Death,2013,Oceanside,42,1,N COASTAL,3,Suburban Area,3,Moderately Low Income,5,Supervisorial District 5,30,18.5724014115025,18.7107831274578,24,29.9760191846523,6,7.36503572042324,22,30.1407022783631,,,,,,,,,,,,,7,15.7052792174284,13,33.5362707666907,,
Suicide,Death,2013,Pendleton,43,1,N COASTAL,99,,99,,5,Supervisorial District 5,,,,,,,,,,,,,,,,,,,,,,,,,,,
Suicide,Death,2013,San Dieguito,40,1,N COASTAL,2,Exurban Area,6,Highest Income,3,Supervisorial District 3,17,17.669129951254,16.7915426653401,13,27.4412124794191,,,14,18.8605531530803,,,,,,,,,,,,,6,25.8064516129032,,,5,32.5118668313935
Suicide,Death,2013,Vista,52,1,N COASTAL,3,Suburban Area,2,Low Income,5,Supervisorial District 5,19,18.4909443033293,18.5570337475312,15,28.99671370578,,,16,37.3291027016938,,,,,,,,,,,,,5,16.9946636756059,6,24.6477426775664,6,55.005500550055
Suicide,Death,2013,North Inland Region,99,99,REGION N INLAND,99,,99,,99,North Inland Region,81,13.8577849100698,13.0619851633703,60,20.8342737693021,21,7.08210520635906,67,21.4910282975898,,,7,3.94246257476599,,,,,,,5,5.80753818456356,19,13.2220822691877,40,25.7941369926616,17,21.0732481312987
Suicide,Death,2013,Anza-Borrego Springs,63,6,N INLAND,1,Rural Area,1,Lowest Income,5,Supervisorial District 5,,,,,,,,,,,,,,,,,,,,,,,,,,,
Suicide,Death,2013,Escondido,50,6,N INLAND,2,Exurban Area,3,Moderately Low Income,3,Supervisorial District 3,23,13.8588446544026,13.6405367509432,19,23.0646903868798,,,20,28.940209527117,,,,,,,,,,,,,5,11.1284219897619,11,28.1466697372125,6,31.930179341174
Suicide,Death,2013,Fallbrook,55,6,N INLAND,1,Rural Area,4,Moderately High Income,5,Supervisorial District 5,12,24.7795651186322,21.9446453020486,9,37.2501138197922,,,10,37.4041518608566,,,,,,,,,,,,,,,,,5,55.1146384479718
Suicide,Death,2013,North San Diego,14,6,N INLAND,3,Suburban Area,6,Highest Income,3,Supervisorial District 3,11,9.85574769285906,10.2391856945482,5,9.25754489909276,6,10.4166666666667,8,12.4880972822778,,,,,,,,,,,,,5,16.9935084797607,,,,
Suicide,Death,2013,Pauma,54,6,N INLAND,1,Rural Area,5,High Income,5,Supervisorial District 5,,,,,,,,,,,,,,,,,,,,,,,,,,,
Suicide,Death,2013,Poway,15,6,N INLAND,2,Exurban Area,6,Highest Income,2,Supervisorial District 2,10,11.3983495189897,10.0378800456932,8,18.6554112352214,,,9,15.6025172061093,,,,,,,,,,,,,,,6,21.9691699315294,,
Suicide,Death,2013,Ramona,39,6,N INLAND,1,Rural Area,5,High Income,2,Supervisorial District 2,5,13.9543970305043,11.6002348914427,5,27.8536014706702,,,5,20.069037488962,,,,,,,,,,,,,,,,,,
Suicide,Death,2013,San Marcos,51,6,N INLAND,3,Suburban Area,3,Moderately Low Income,5,Supervisorial District 5,13,14.1453489004712,13.9231861413861,9,19.994223890876,,,10,22.4275589844801,,,,,,,,,,,,,,,8,37.4584445380906,,
Suicide,Death,2013,Valley Center,53,6,N INLAND,1,Rural Area,5,High Income,5,Supervisorial District 5,6,25.3538981618424,23.1038527600369,,,,,,,,,,,,,,,,,,,,,,,,
Suicide,Death,2013,South Region,99,99,REGION SOUTH,99,,99,,99,South Region,40,8.38757297188486,8.5476856938375,34,14.3607158394472,6,2.498552921433,19,20.2250300714263,,,14,4.81737006004508,,,,,,,,,13,10.1317912227513,13,11.803695464657,10,19.3918709277071
Suicide,Death,2013,Chula Vista,21,4,SOUTH,5,Very Urban Area,1,Lowest Income,1,Supervisorial District 1,11,9.45171462695801,9.08399871581338,9,16.0585244000357,,,6,30.1962757926522,,,,,,,,,,,,,,,,,,
Suicide,Death,2013,Coronado,3,4,SOUTH,2,Exurban Area,6,Highest Income,1,Supervisorial District 1,,,,,,,,,,,,,,,,,,,,,,,,,,,
Suicide,Death,2013,National City,4,4,SOUTH,5,Very Urban Area,1,Lowest Income,1,Supervisorial District 1,6,10.231051240515,11.1258602294102,5,16.682236754304,,,,,,,,,,,,,,,,,,,,,,
Suicide,Death,2013,South Bay,22,4,SOUTH,3,Suburban Area,2,Low Income,1,Supervisorial District 1,15,10.9707665640291,11.1481852782728,14,20.3906261378698,,,6,30.8372308166727,,,7,7.28992012330379,,,,,,,,,7,18.7336080929187,,,,
Suicide,Death,2013,Sweetwater,20,4,SOUTH,3,Suburban Area,6,Highest Income,1,Supervisorial District 1,6,4.22707866593397,4.66446083090123,,,,,,,,,,,,,,,,,,,,,,,,
Suicide,Death,2013,Unknown,99,99,UNKNOWN,99,,99,,99,,,,,,,,,,,,,,,,,,,,,,,,,,,,
